{
  "columns": [
    "PV_1",
    "PV_2",
    "PV_3",
    "BESS_1_SOC",
    "BESS_2_SOC",
    "BESS_3_SOC",
    "BESS_1_ChargePower",
    "BESS_2_ChargePower",
    "BESS_3_ChargePower",
    "BESS_1_DischargePower",
    "BESS_2_DischargePower",
    "BESS_3_DischargePower",
    "Hydro_1",
    "Hydro_2",
    "Hydro_3",
    "Wind_1",
    "Wind_2",
    "Wind_3",
    "Biogas_1",
    "Biogas_2",
    "Grid",
    "Load_1",
    "Load_2"
  ],
  "index": [
    0, 1, 2, 3, 4, 5, 6, 7, 8, 9, 10, 11, 12, 13, 14, 15, 16, 17, 18, 19, 20,
    21, 22, 23
  ],
  "data": [
    [
      25.0792, 26.1399, 26.1408, 50.0, 50.0, 50.0, 0.5725530987, 14.1267332197,
      38.6670539279, 3.1183551719, 39.8530404479, 23.9480345463, 6.422, 5.994,
      7.706, 42.842, 42.797, 45.388, 1.8213051271, 1.8213051271, 30.1325332714,
      137.9185667226, 137.9185667226
    ],
    [
      41.5371, 45.1829, 45.1855, 23.789, 23.176, 58.189, 4.4951451956,
      40.3206318427, 38.4889763687, 3.7367600273, 29.1637598237, 11.7628590559,
      7.55, 7.047, 9.061, 39.371, 39.264, 45.388, 1.8213051271, 1.8213051271,
      -54.965381407, 94.8111771735, 94.8111771735
    ],
    [
      28.5051, 30.1224, 30.1235, 29.71, 32.93, 79.757, 4.8961537876,
      34.970577144, 41.9924168349, 1.4032165134, 27.155495864, 6.3977601714,
      5.974, 5.576, 7.169, 15.325, 14.788, 32.417, 1.8213051271, 1.8213051271,
      155.4146916718, 141.0773133541, 141.0773133541
    ],
    [
      39.8474, 43.7006, 43.7029, 63.373, 39.49, 100.0, 2.3350455407,
      0.3927654442, 3.6773251227, 1.0213989244, 17.2913439671, 48.2460105876,
      5.87, 5.478, 7.044, 45.388, 45.388, 45.388, 1.8213051271, 1.8213051271,
      -111.1728993353, 117.2151141451, 117.2151141451
    ],
    [
      30.8, 33.6654, 33.6668, 75.832, 22.229, 49.699, 1.5443054953,
      42.4620236706, 9.7288831169, 1.7187466274, 42.0794941035, 3.9458691793,
      8.551, 7.981, 10.261, 45.388, 45.388, 45.388, 1.8213051271, 1.8213051271,
      29.9789766677, 144.3598422746, 144.3598422746
    ],
    [
      35.039, 37.3703, 37.372, 73.425, 20.903, 54.069, 2.7262432535,
      36.2872217629, 45.7820026338, 3.8588050691, 39.1128503016, 10.8711592485,
      3.812, 3.558, 4.574, 10.106, 9.476, 21.721, 1.8213051271, 1.8213051271,
      42.4905714145, 89.1044143189, 89.1044143189
    ],
    [
      41.5037, 46.5948, 46.5975, 60.764, 16.553, 83.191, 2.8802217595,
      5.6229899416, 49.716359657, 1.3968081603, 13.8629560386, 46.1258278418,
      4.022, 3.754, 4.827, 11.099, 10.487, 23.756, 1.8213051271, 1.8213051271,
      -2.5374862864, 98.4560723252, 98.4560723252
    ],
    [
      28.4882, 30.6081, 30.6093, 74.735, 7.917, 76.681, 2.1484614416,
      27.332506315, 1.8415243371, 1.7749360274, 8.221882096, 17.7874799706,
      6.198, 5.785, 7.437, 43.509, 43.475, 45.388, 1.8213051271, 1.8213051271,
      50.1531499254, 145.8775830899, 145.8775830899
    ],
    [
      42.8216, 46.9121, 46.9148, 77.676, 26.313, 58.571, 0.9136611588,
      14.8674929568, 30.6087596533, 1.8773950357, 25.2010819104, 43.4565880864,
      2.515, 2.347, 3.018, 11.876, 11.278, 25.349, 1.8213051271, 1.8213051271,
      23.2194143099, 122.0193379138, 122.0193379138
    ],
    [
      34.1855, 37.7118, 37.7136, 67.47, 15.167, 37.831, 1.7921108266,
      33.6834258447, 39.5382804659, 4.1659758106, 20.3942081922, 38.9025157715,
      3.322, 3.101, 3.987, 30.493, 30.227, 45.388, 1.8213051271, 1.8213051271,
      19.3563709088, 118.7883819, 118.7883819
    ],
    [
      40.0043, 43.8261, 43.8285, 42.52, 27.366, 30.189, 3.8266348775,
      20.98128256, 8.9854909303, 4.2856355422, 48.9304518438, 11.5022434549,
      3.778, 3.526, 4.533, 33.795, 33.588, 45.388, 1.8213051271, 1.8213051271,
      -88.2486647217, 99.2928840028, 99.2928840028
    ],
    [
      44.1365, 48.0939, 48.0967, 36.289, 0.0, 25.494, 1.147820392,
      12.9754502264, 11.9158472308, 0.7268025861, 44.0399427754, 32.0287588476,
      7.711, 7.197, 9.254, 10.218, 9.59, 21.951, 1.8213051271, 1.8213051271,
      -36.3694832722, 112.1388066709, 112.1388066709
    ],
    [
      40.8838, 45.766, 45.7686, 40.12, 0.0, 0.63, 1.8027133469, 45.2961916635,
      33.236646569, 0.8271994057, 15.6771450555, 22.4780086566, 10.423, 9.729,
      12.508, 45.388, 45.388, 45.388, 1.8213051271, 1.8213051271,
      -55.3611600412, 104.0853258756, 104.0853258756
    ],
    [
      41.7869, 46.6018, 46.6045, 49.344, 28.393, 5.567, 2.8299479002,
      32.3933966269, 36.4744548324, 1.4934642508, 2.5313595094, 13.2503036412,
      10.69, 9.978, 12.828, 11.729, 11.128, 25.047, 1.8213051271, 1.8213051271,
      88.3833068623, 126.9982225791, 126.9982225791
    ],
    [
      40.0088, 44.7767, 44.7792, 61.836, 57.555, 23.671, 4.2219521983,
      18.8863039545, 34.456094409, 2.7405361455, 23.382688872, 26.1037642947,
      8.178, 7.633, 9.814, 42.229, 42.173, 45.388, 1.8213051271, 1.8213051271,
      -9.8174749836, 136.7337370105, 136.7337370105
    ],
    [
      37.1037, 39.8646, 39.8666, 75.244, 52.202, 25.676, 1.6972076011,
      43.0065560308, 21.0926929023, 3.9736635912, 29.2385548966, 33.6856018471,
      8.404, 7.843, 10.084, 34.998, 34.813, 45.388, 1.8213051271, 1.8213051271,
      -65.6968239377, 98.7060250586, 98.7060250586
    ],
    [
      38.3073, 41.8197, 41.8219, 51.326, 64.511, 7.23, 0.7623393873,
      15.2394665583, 31.6126559221, 3.1165375246, 48.9916299064, 25.6669714863,
      5.365, 5.007, 6.438, 23.002, 22.602, 45.388, 1.8213051271, 1.8213051271,
      -67.9700731774, 97.7920570631, 97.7920570631
    ],
    [
      42.0861, 46.0509, 46.0535, 26.994, 29.452, 7.162, 4.3640106922,
      5.9355197455, 30.8410053096, 3.2086530325, 23.561084353, 34.484396259,
      4.554, 4.25, 5.464, 25.724, 25.372, 45.388, 1.8213051271, 1.8213051271,
      7.1732625354, 137.9359853434, 137.9359853434
    ],
    [
      44.578, 49.1152, 49.1182, 37.019, 11.226, 0.0, 1.6469820944,
      12.6373888702, 28.7095924851, 0.5816979747, 3.563848936, 0.3660470809,
      4.689, 4.377, 5.627, 25.204, 24.844, 45.388, 1.8213051271, 1.8213051271,
      -56.2065449305, 80.9470479327, 80.9470479327
    ],
    [
      33.8875, 36.5016, 36.5033, 47.222, 19.974, 25.432, 2.0750022429,
      29.4913513929, 35.1527115284, 2.7199514651, 39.5234894128, 48.9722420444,
      4.839, 4.517, 5.807, 21.582, 21.157, 45.239, 1.8213051271, 1.8213051271,
      12.7146887662, 125.4436583892, 125.4436583892
    ],
    [
      41.415, 45.4553, 45.4579, 39.801, 8.545, 2.655, 4.3959447998,
      19.3903995608, 37.1652297721, 4.2114980387, 49.0299771335, 48.3266692123,
      4.831, 4.509, 5.797, 11.758, 11.157, 25.106, 1.8213051271, 1.8213051271,
      52.4725593747, 146.1089699403, 146.1089699403
    ],
    [
      29.1855, 31.5434, 31.5447, 39.905, 0.0, 0.0, 4.9192495869, 27.2822820345,
      28.3509771965, 4.7483312753, 1.3552925289, 30.5803294955, 5.419, 5.057,
      6.502, 11.672, 11.07, 24.93, 1.8213051271, 1.8213051271, 154.0851738523,
      145.3914142941, 145.3914142941
    ],
    [
      30.0851, 32.4871, 32.4884, 39.66, 25.354, 0.0, 1.0714124614, 2.2490865386,
      49.8269014809, 4.8207283287, 32.1657779617, 27.7691154616, 3.785, 3.532,
      4.542, 21.78, 21.359, 45.388, 1.8213051271, 1.8213051271, -41.6203412583,
      84.5385451335, 84.5385451335
    ],
    [
      26.2219, 27.9732, 27.9742, 0.967, 0.0, 13.99, 3.4172389026, 46.2759458284,
      22.5248296845, 1.4518056561, 5.4026195267, 49.8213033907, 6.462, 6.031,
      7.754, 34.76, 34.57, 45.388, 1.8213051271, 1.8213051271, 51.8996651083,
      128.5671447603, 128.5671447603
    ]
  ]
}
